Timéstamp Créated,Company's Name
2011-08-08T10:01:54+00:00,Foo Bar Inc.
2011-08-07T01:58:52+00:00,Foo Bar Inc.
2011-08-11T02:32:57+00:00,Foo Bar Inc.
2011-08-10T20:13:12+00:00,Foo Bar Inc.
2011-08-11T11:07:01+00:00,Foo Bar Inc.
2011-08-10T16:43:02+00:00,Foo Bar Inc.
2011-08-12T00:16:05+00:00,Foo Bar Inc.
2011-08-09T18:21:28+00:00,Foo Bar Inc.
2011-08-10T15:18:34+00:00,Foo Bar Inc.
2011-08-10T01:15:16+00:00,Foo Bar Inc.
2011-08-10T19:24:28+00:00,Foo Bar Inc.
2011-08-09T17:41:39+00:00,Foo Bar Inc.
2011-08-11T01:02:36+00:00,Foo Bar Inc.
2011-08-11T12:27:20+00:00,Foo Bar Inc.
2011-08-10T17:29:18+00:00,Foo Bar Inc.
2011-08-09T19:57:54+00:00,Foo Bar Inc.
2011-08-10T01:41:42+00:00,Foo Bar Inc.
2011-08-10T22:31:46+00:00,Foo Bar Inc.
2011-08-08T00:22:10+00:00,Foo Bar Inc.
2011-08-08T10:14:11+00:00,Foo Bar Inc.
2011-08-11T17:40:18+00:00,Foo Bar Inc.
2011-08-10T08:15:10+00:00,Foo Bar Inc.
2011-08-10T06:25:15+00:00,Foo Bar Inc.
2011-08-08T17:46:32+00:00,Foo Bar Inc.
2011-08-09T16:11:25+00:00,Foo Bar Inc.
2011-08-09T15:53:18+00:00,Foo Bar Inc.
2011-08-09T09:19:37+00:00,Foo Bar Inc.
2011-08-03T19:38:12+00:00,Foo Bar Inc.
2011-08-09T17:04:16+00:00,Foo Bar Inc.
2011-08-08T17:20:55+00:00,Foo Bar Inc.
2011-08-10T01:02:14+00:00,Foo Bar Inc.
2011-08-11T05:57:46+00:00,Foo Bar Inc.
2011-08-08T17:13:45+00:00,Foo Bar Inc.
2011-08-11T17:37:32+00:00,Foo Bar Inc.
2011-08-10T12:00:04+00:00,Foo Bar Inc.
2011-08-11T17:26:31+00:00,Foo Bar Inc.
2011-08-08T17:51:40+00:00,Foo Bar Inc.
2011-08-11T06:35:59+00:00,Foo Bar Inc.
2011-08-11T02:33:04+00:00,Foo Bar Inc.
2011-08-11T07:28:59+00:00,Foo Bar Inc.
2011-08-06T17:13:35+00:00,Foo Bar Inc.
2011-08-07T16:35:55+00:00,Foo Bar Inc.
2011-08-10T13:56:08+00:00,Foo Bar Inc.
2011-08-10T01:15:38+00:00,Foo Bar Inc.
2011-08-09T18:47:27+00:00,Foo Bar Inc.
2011-08-06T17:15:12+00:00,Foo Bar Inc.
2011-08-08T16:58:23+00:00,Foo Bar Inc.
2011-08-09T17:16:34+00:00,Foo Bar Inc.
2011-08-07T16:44:24+00:00,Foo Bar Inc.
2011-08-11T19:02:38+00:00,Foo Bar Inc.
2011-08-06T02:50:57+00:00,Foo Bar Inc.
2011-08-11T07:24:46+00:00,Foo Bar Inc.
2011-08-11T05:31:27+00:00,Foo Bar Inc.
2011-08-10T08:36:45+00:00,Foo Bar Inc.
2011-08-10T14:50:10+00:00,Foo Bar Inc.
2011-08-10T16:11:05+00:00,Foo Bar Inc.
2011-08-11T04:32:10+00:00,Foo Bar Inc.
2011-08-09T18:54:47+00:00,Foo Bar Inc.
2011-08-10T06:03:40+00:00,Foo Bar Inc.
2011-08-10T11:27:15+00:00,Foo Bar Inc.
2011-08-11T03:42:38+00:00,Foo Bar Inc.
2011-08-10T11:32:49+00:00,Foo Bar Inc.
2011-08-11T08:36:59+00:00,Foo Bar Inc.
2011-08-10T20:48:04+00:00,Foo Bar Inc.
2011-08-10T12:21:20+00:00,Foo Bar Inc.
2011-08-06T16:29:22+00:00,Foo Bar Inc.
2011-08-10T23:34:26+00:00,Foo Bar Inc.
2011-08-12T00:13:37+00:00,Foo Bar Inc.
2011-08-07T22:40:47+00:00,Foo Bar Inc.
2011-08-06T17:14:43+00:00,Foo Bar Inc.
2011-08-10T17:19:43+00:00,Foo Bar Inc.
2011-08-08T10:02:13+00:00,Foo Bar Inc.
2011-08-07T16:53:22+00:00,Foo Bar Inc.
2011-08-10T00:46:49+00:00,Foo Bar Inc.
2011-08-09T04:30:12+00:00,Foo Bar Inc.
2011-08-11T18:55:52+00:00,Foo Bar Inc.
2011-08-09T07:06:37+00:00,Foo Bar Inc.
2011-08-10T17:27:41+00:00,
2011-08-10T16:33:05+00:00,Foo Bar Inc.
2011-08-11T22:58:47+00:00,Foo Bar Inc.
2011-08-11T17:25:33+00:00,Foo Bar Inc.
2011-08-09T17:06:09+00:00,Foo Bar Inc.
2011-08-11T17:35:25+00:00,Foo Bar Inc.
2011-08-09T18:45:11+00:00,Foo Bar Inc.
2011-08-06T02:13:46+00:00,Foo Bar Inc.
2011-08-09T19:58:39+00:00,Foo Bar Inc.
2011-08-04T14:40:44+00:00,Foo Bar Inc.
2011-08-10T01:24:27+00:00,Foo Bar Inc.
2011-08-10T01:28:26+00:00,Foo Bar Inc.
2011-08-06T16:40:40+00:00,Foo Bar Inc.
2011-08-10T06:02:57+00:00,Foo Bar Inc.
2011-08-09T16:26:18+00:00,Foo Bar Inc.
2011-08-09T15:32:37+00:00,Foo Bar Inc.
2011-08-11T00:33:25+00:00,Foo Bar Inc.
2011-08-11T07:39:30+00:00,Foo Bar Inc.
2011-08-11T12:34:08+00:00,Foo Bar Inc.
2011-08-11T23:48:15+00:00,Foo Bar Inc.
2011-08-07T16:46:16+00:00,Foo Bar Inc.
2011-08-10T19:19:02+00:00,Foo Bar Inc.
2011-08-10T22:11:15+00:00,Foo Bar Inc.
2011-08-11T01:41:24+00:00,Foo Bar Inc.
2011-08-08T03:05:47+00:00,Foo Bar Inc.
2011-08-10T11:21:44+00:00,Foo Bar Inc.
2011-08-11T01:01:52+00:00,Foo Bar Inc.
2011-08-09T15:22:48+00:00,Foo Bar Inc.
2011-08-09T00:51:52+00:00,Foo Bar Inc.
2011-08-11T01:06:33+00:00,Foo Bar Inc.
2011-08-09T15:33:11+00:00,Foo Bar Inc.
2011-01-26T10:17:51+00:00,
2011-08-03T18:00:48+00:00,Foo Bar Inc.
2011-08-06T02:07:44+00:00,Foo Bar Inc.
2011-08-10T13:28:41+00:00,Foo Bar Inc.
2011-08-08T16:58:15+00:00,Foo Bar Inc.
2011-08-06T02:03:51+00:00,Foo Bar Inc.
2011-08-10T21:12:47+00:00,Foo Bar Inc.
2011-08-11T09:55:03+00:00,Foo Bar Inc.
2011-08-09T18:00:48+00:00,Foo Bar Inc.
2011-08-11T05:39:05+00:00,Foo Bar Inc.
2011-01-26T18:28:06+00:00,
2011-08-10T05:40:38+00:00,Foo Bar Inc.
2011-08-10T09:46:51+00:00,Foo Bar Inc.
2011-08-10T12:40:55+00:00,Foo Bar Inc.
2011-08-09T18:47:47+00:00,Foo Bar Inc.
2011-08-10T17:13:09+00:00,Foo Bar Inc.
2011-08-09T15:46:29+00:00,Foo Bar Inc.
2011-08-10T01:06:11+00:00,Foo Bar Inc.
2011-08-11T19:15:29+00:00,Foo Bar Inc.
2011-08-09T20:17:41+00:00,Foo Bar Inc.
2011-08-10T16:36:04+00:00,Foo Bar Inc.
2011-08-10T19:04:45+00:00,Foo Bar Inc.
2011-08-11T18:36:01+00:00,Foo Bar Inc.
2011-08-06T18:00:40+00:00,Foo Bar Inc.
2011-08-10T01:42:46+00:00,Foo Bar Inc.
2011-08-10T15:33:23+00:00,Foo Bar Inc.
2011-08-11T00:54:25+00:00,Foo Bar Inc.
2011-08-10T01:10:44+00:00,Foo Bar Inc.
2011-08-06T03:35:59+00:00,Foo Bar Inc.
2011-08-09T19:39:53+00:00,Foo Bar Inc.
2011-08-10T00:49:11+00:00,Foo Bar Inc.
2011-08-10T08:36:23+00:00,Foo Bar Inc.
2011-01-30T14:24:27+00:00,
2011-08-06T17:12:08+00:00,Foo Bar Inc.
2011-08-06T02:08:14+00:00,Foo Bar Inc.
2011-08-11T23:09:03+00:00,Foo Bar Inc.
2011-08-10T13:35:43+00:00,Foo Bar Inc.
2011-08-09T15:24:38+00:00,MTN
2011-08-09T08:58:28+00:00,Foo Bar Inc.
2011-08-09T18:04:39+00:00,Foo Bar Inc.
2011-08-06T18:30:06+00:00,Foo Bar Inc.
2011-08-06T02:17:35+00:00,Foo Bar Inc.
2011-08-09T18:09:35+00:00,Foo Bar Inc.
2011-08-09T19:06:26+00:00,Foo Bar Inc.
2011-08-09T16:18:55+00:00,Foo Bar Inc.
2011-08-04T09:36:40+00:00,Foo Bar Inc.
2011-08-11T17:53:18+00:00,Foo Bar Inc.
2011-08-09T18:38:56+00:00,Foo Bar Inc.
2011-08-10T14:08:27+00:00,Foo Bar Inc.
2011-08-11T19:47:55+00:00,Foo Bar Inc.
2011-08-07T18:19:50+00:00,
2011-08-10T01:15:04+00:00,Foo Bar Inc.
2011-08-07T22:08:17+00:00,Foo Bar Inc.
2011-08-11T16:50:20+00:00,Foo Bar Inc.
2011-08-08T16:56:26+00:00,Foo Bar Inc.
2011-08-06T16:25:16+00:00,Foo Bar Inc.
2011-08-11T17:26:07+00:00,Foo Bar Inc.
2011-08-06T16:26:43+00:00,Foo Bar Inc.
2011-08-10T20:00:15+00:00,Foo Bar Inc.
2011-08-09T16:43:02+00:00,Foo Bar Inc.
2011-08-10T16:19:58+00:00,Foo Bar Inc.
2011-08-09T15:40:11+00:00,Foo Bar Inc.
2011-08-09T18:24:55+00:00,Foo Bar Inc.
2011-08-10T18:20:27+00:00,Foo Bar Inc.
2011-08-07T16:45:13+00:00,Foo Bar Inc.
2011-08-10T18:17:37+00:00,Foo Bar Inc.
2011-08-09T15:34:38+00:00,Foo Bar Inc.
2011-08-11T01:59:18+00:00,Foo Bar Inc.
2011-08-10T17:19:33+00:00,Foo Bar Inc.
2011-08-12T00:20:38+00:00,Foo Bar Inc.
2011-08-09T15:33:20+00:00,Foo Bar Inc.
2010-12-07T12:42:40+00:00,
2011-08-08T16:55:45+00:00,Foo Bar Inc.
2011-08-10T01:22:41+00:00,Foo Bar Inc.
2011-08-09T15:55:11+00:00,Foo Bar Inc.
2011-08-11T06:56:38+00:00,Foo Bar Inc.
2011-08-10T09:32:30+00:00,Foo Bar Inc.
2011-08-11T15:35:37+00:00,Foo Bar Inc.
2011-08-08T10:04:11+00:00,Foo Bar Inc.
2011-08-10T16:33:02+00:00,Foo Bar Inc.
2011-08-06T02:16:21+00:00,Foo Bar Inc.
2011-08-11T23:08:27+00:00,Foo Bar Inc.
2011-08-09T06:28:59+00:00,Foo Bar Inc.
2011-08-11T03:11:33+00:00,Foo Bar Inc.
2011-08-10T17:16:30+00:00,Foo Bar Inc.
2011-08-06T18:17:38+00:00,Foo Bar Inc.
2011-08-10T01:05:26+00:00,Foo Bar Inc.
2011-08-09T18:04:30+00:00,Foo Bar Inc.
2011-08-10T10:49:27+00:00,
2011-08-10T15:36:38+00:00,Foo Bar Inc.
2011-08-11T02:04:49+00:00,Foo Bar Inc.
2011-08-11T00:53:22+00:00,Foo Bar Inc.
2011-08-10T17:48:15+00:00,Foo Bar Inc.
2011-08-10T19:46:46+00:00,Foo Bar Inc.
2011-08-09T15:40:18+00:00,Foo Bar Inc.
2011-08-08T16:55:26+00:00,Foo Bar Inc.
2011-08-11T17:43:31+00:00,Foo Bar Inc.
2011-08-10T09:03:45+00:00,Foo Bar Inc.
2011-08-10T16:08:55+00:00,Foo Bar Inc.
2011-08-10T21:48:44+00:00,Foo Bar Inc.
2011-08-10T16:16:38+00:00,Foo Bar Inc.
2011-08-09T04:09:14+00:00,Foo Bar Inc.
2011-08-10T17:48:42+00:00,Foo Bar Inc.
2011-08-11T11:08:09+00:00,Foo Bar Inc.
2011-08-11T16:21:36+00:00,Foo Bar Inc.
2011-08-09T16:40:36+00:00,Foo Bar Inc.
2011-08-12T00:01:05+00:00,Foo Bar Inc.
2011-08-11T23:21:34+00:00,Foo Bar Inc.
2011-08-10T17:50:59+00:00,Foo Bar Inc.
2011-08-09T16:07:54+00:00,Foo Bar Inc.
2011-08-10T17:31:26+00:00,Foo Bar Inc.
2011-08-11T17:48:34+00:00,Foo Bar Inc.
2011-08-06T18:09:18+00:00,Foo Bar Inc.
2011-08-06T02:13:00+00:00,Foo Bar Inc.
2011-08-11T00:39:44+00:00,Foo Bar Inc.
2011-08-09T15:34:44+00:00,Foo Bar Inc.
2011-08-11T12:00:32+00:00,Foo Bar Inc.
2011-08-06T18:18:34+00:00,Foo Bar Inc.
2011-08-11T17:32:32+00:00,Foo Bar Inc.
2011-08-11T19:34:58+00:00,Foo Bar Inc.
2011-08-06T16:50:02+00:00,Foo Bar Inc.
2011-08-11T23:41:59+00:00,Foo Bar Inc.
2011-08-11T17:49:54+00:00,Foo Bar Inc.
2011-08-10T10:00:00+00:00,Foo Bar Inc.
2011-08-11T05:10:07+00:00,Foo Bar Inc.
2011-08-09T01:59:52+00:00,Foo Bar Inc.
2011-08-11T17:56:39+00:00,Foo Bar Inc.
2011-08-10T11:21:41+00:00,Foo Bar Inc.
2011-07-07T09:37:10+00:00,
2011-08-11T01:25:26+00:00,Foo Bar Inc.
2011-08-10T19:09:43+00:00,Foo Bar Inc.
2011-08-10T19:46:10+00:00,Foo Bar Inc.
2011-08-09T09:03:37+00:00,Foo Bar Inc.
2011-01-23T08:28:57+00:00,
2011-08-07T16:22:37+00:00,Foo Bar Inc.
2011-08-10T15:03:23+00:00,Foo Bar Inc.
2011-08-11T18:46:05+00:00,Foo Bar Inc.
2011-08-11T17:39:03+00:00,Foo Bar Inc.
2011-08-07T00:34:42+00:00,Foo Bar Inc.
2011-08-09T18:46:34+00:00,Foo Bar Inc.
2011-08-11T04:26:07+00:00,Foo Bar Inc.
2011-08-07T16:28:28+00:00,Foo Bar Inc.
2011-08-11T05:00:15+00:00,Foo Bar Inc.
2011-08-06T18:27:08+00:00,Foo Bar Inc.
2011-01-26T19:46:15+00:00,
2011-08-10T20:39:21+00:00,Foo Bar Inc.
2011-08-08T10:11:08+00:00,
